{
  "About Us" : {
    "transaction" : "About Us",
    "sampleCount" : 100,
    "errorCount" : 0,
    "errorPct" : 0.0,
    "meanResTime" : 1255.4699999999993,
    "medianResTime" : 1159.5,
    "minResTime" : 605.0,
    "maxResTime" : 2634.0,
    "pct1ResTime" : 1731.8000000000002,
    "pct2ResTime" : 2084.199999999998,
    "pct3ResTime" : 2631.0899999999983,
    "throughput" : 0.6657036154363355,
    "receivedKBytesPerSec" : 60.3189885299267,
    "sentKBytesPerSec" : 0.15732448724179018
  },
  "Contact-0" : {
    "transaction" : "Contact-0",
    "sampleCount" : 100,
    "errorCount" : 0,
    "errorPct" : 0.0,
    "meanResTime" : 144.38,
    "medianResTime" : 136.5,
    "minResTime" : 114.0,
    "maxResTime" : 516.0,
    "pct1ResTime" : 171.8,
    "pct2ResTime" : 185.5499999999999,
    "pct3ResTime" : 513.4499999999987,
    "throughput" : 0.6886103842445944,
    "receivedKBytesPerSec" : 0.26831596026718085,
    "sentKBytesPerSec" : 0.10288807498967084
  },
  "Contact-1" : {
    "transaction" : "Contact-1",
    "sampleCount" : 100,
    "errorCount" : 0,
    "errorPct" : 0.0,
    "meanResTime" : 1128.66,
    "medianResTime" : 1073.5,
    "minResTime" : 358.0,
    "maxResTime" : 2379.0,
    "pct1ResTime" : 1689.4,
    "pct2ResTime" : 1881.2499999999998,
    "pct3ResTime" : 2376.0799999999986,
    "throughput" : 0.687616035205941,
    "receivedKBytesPerSec" : 62.03653067627037,
    "sentKBytesPerSec" : 0.0772225039537922
  },
  "Technology" : {
    "transaction" : "Technology",
    "sampleCount" : 100,
    "errorCount" : 0,
    "errorPct" : 0.0,
    "meanResTime" : 1247.0200000000002,
    "medianResTime" : 1146.5,
    "minResTime" : 633.0,
    "maxResTime" : 3451.0,
    "pct1ResTime" : 1739.0000000000002,
    "pct2ResTime" : 1987.5999999999997,
    "pct3ResTime" : 3443.049999999996,
    "throughput" : 0.6686369167814494,
    "receivedKBytesPerSec" : 60.58477313149414,
    "sentKBytesPerSec" : 0.1652003319782292
  },
  "All pages" : {
    "transaction" : "All pages",
    "sampleCount" : 100,
    "errorCount" : 0,
    "errorPct" : 0.0,
    "meanResTime" : 1324.9799999999996,
    "medianResTime" : 1245.0,
    "minResTime" : 616.0,
    "maxResTime" : 3268.0,
    "pct1ResTime" : 1851.4,
    "pct2ResTime" : 2257.5999999999976,
    "pct3ResTime" : 3260.819999999996,
    "throughput" : 0.6611570247933884,
    "receivedKBytesPerSec" : 59.90702479338843,
    "sentKBytesPerSec" : 0.15108471074380164
  },
  "News" : {
    "transaction" : "News",
    "sampleCount" : 100,
    "errorCount" : 0,
    "errorPct" : 0.0,
    "meanResTime" : 1248.2100000000003,
    "medianResTime" : 1239.0,
    "minResTime" : 482.0,
    "maxResTime" : 2294.0,
    "pct1ResTime" : 1755.8,
    "pct2ResTime" : 2000.95,
    "pct3ResTime" : 2292.9899999999993,
    "throughput" : 0.6789142802829715,
    "receivedKBytesPerSec" : 61.515998615014865,
    "sentKBytesPerSec" : 0.15779452998764376
  },
  "Works" : {
    "transaction" : "Works",
    "sampleCount" : 100,
    "errorCount" : 0,
    "errorPct" : 0.0,
    "meanResTime" : 1180.7700000000004,
    "medianResTime" : 1139.5,
    "minResTime" : 481.0,
    "maxResTime" : 2040.0,
    "pct1ResTime" : 1612.9,
    "pct2ResTime" : 1745.1999999999994,
    "pct3ResTime" : 2038.6399999999994,
    "throughput" : 0.6725718474876078,
    "receivedKBytesPerSec" : 60.94131474344747,
    "sentKBytesPerSec" : 0.17536785476483527
  },
  "Blog" : {
    "transaction" : "Blog",
    "sampleCount" : 100,
    "errorCount" : 0,
    "errorPct" : 0.0,
    "meanResTime" : 1159.6599999999999,
    "medianResTime" : 1139.0,
    "minResTime" : 482.0,
    "maxResTime" : 2538.0,
    "pct1ResTime" : 1610.9,
    "pct2ResTime" : 1816.5999999999995,
    "pct3ResTime" : 2535.5599999999986,
    "throughput" : 0.6757076348205658,
    "receivedKBytesPerSec" : 61.22544647381971,
    "sentKBytesPerSec" : 0.16562755501949417
  },
  "Blog-0" : {
    "transaction" : "Blog-0",
    "sampleCount" : 100,
    "errorCount" : 0,
    "errorPct" : 0.0,
    "meanResTime" : 143.84,
    "medianResTime" : 140.5,
    "minResTime" : 115.0,
    "maxResTime" : 187.0,
    "pct1ResTime" : 175.0,
    "pct2ResTime" : 180.84999999999997,
    "pct3ResTime" : 187.0,
    "throughput" : 0.67736909842173,
    "receivedKBytesPerSec" : 0.2639358108108108,
    "sentKBytesPerSec" : 0.08996308338413601
  },
  "Blog-1" : {
    "transaction" : "Blog-1",
    "sampleCount" : 100,
    "errorCount" : 0,
    "errorPct" : 0.0,
    "meanResTime" : 1015.8000000000001,
    "medianResTime" : 986.5,
    "minResTime" : 363.0,
    "maxResTime" : 2356.0,
    "pct1ResTime" : 1424.8,
    "pct2ResTime" : 1658.0499999999993,
    "pct3ResTime" : 2353.569999999999,
    "throughput" : 0.6763932008955447,
    "receivedKBytesPerSec" : 61.02400963353017,
    "sentKBytesPerSec" : 0.07596212705369886
  },
  "All pages-0" : {
    "transaction" : "All pages-0",
    "sampleCount" : 100,
    "errorCount" : 0,
    "errorPct" : 0.0,
    "meanResTime" : 164.32000000000002,
    "medianResTime" : 146.0,
    "minResTime" : 116.0,
    "maxResTime" : 529.0,
    "pct1ResTime" : 241.0,
    "pct2ResTime" : 265.0,
    "pct3ResTime" : 528.9499999999999,
    "throughput" : 0.6637770240220905,
    "receivedKBytesPerSec" : 0.25863968025860756,
    "sentKBytesPerSec" : 0.07713815025256716
  },
  "About Us-1" : {
    "transaction" : "About Us-1",
    "sampleCount" : 100,
    "errorCount" : 0,
    "errorPct" : 0.0,
    "meanResTime" : 1110.2400000000002,
    "medianResTime" : 1019.0,
    "minResTime" : 486.0,
    "maxResTime" : 2503.0,
    "pct1ResTime" : 1590.2,
    "pct2ResTime" : 1925.0499999999977,
    "pct3ResTime" : 2499.9899999999984,
    "throughput" : 0.6663423800417131,
    "receivedKBytesPerSec" : 60.117227324368805,
    "sentKBytesPerSec" : 0.07483337275859081
  },
  "All pages-1" : {
    "transaction" : "All pages-1",
    "sampleCount" : 100,
    "errorCount" : 0,
    "errorPct" : 0.0,
    "meanResTime" : 1160.6000000000004,
    "medianResTime" : 1074.0,
    "minResTime" : 496.0,
    "maxResTime" : 3015.0,
    "pct1ResTime" : 1614.2000000000003,
    "pct2ResTime" : 2113.699999999998,
    "pct3ResTime" : 3008.989999999997,
    "throughput" : 0.6625412431923887,
    "receivedKBytesPerSec" : 59.774289797196126,
    "sentKBytesPerSec" : 0.07440648727258271
  },
  "About Us-0" : {
    "transaction" : "About Us-0",
    "sampleCount" : 100,
    "errorCount" : 0,
    "errorPct" : 0.0,
    "meanResTime" : 145.17000000000002,
    "medianResTime" : 141.0,
    "minResTime" : 114.0,
    "maxResTime" : 259.0,
    "pct1ResTime" : 175.0,
    "pct2ResTime" : 183.0,
    "pct3ResTime" : 258.31999999999965,
    "throughput" : 0.6678643701037194,
    "receivedKBytesPerSec" : 0.26023230827283594,
    "sentKBytesPerSec" : 0.08283083496403551
  },
  "Services-0" : {
    "transaction" : "Services-0",
    "sampleCount" : 100,
    "errorCount" : 0,
    "errorPct" : 0.0,
    "meanResTime" : 141.98000000000002,
    "medianResTime" : 136.0,
    "minResTime" : 114.0,
    "maxResTime" : 194.0,
    "pct1ResTime" : 175.9,
    "pct2ResTime" : 180.89999999999998,
    "pct3ResTime" : 193.96999999999997,
    "throughput" : 0.6692813257124499,
    "receivedKBytesPerSec" : 0.2607844228117847,
    "sentKBytesPerSec" : 0.09084971120510796
  },
  "Works-0" : {
    "transaction" : "Works-0",
    "sampleCount" : 100,
    "errorCount" : 0,
    "errorPct" : 0.0,
    "meanResTime" : 145.39000000000001,
    "medianResTime" : 138.0,
    "minResTime" : 115.0,
    "maxResTime" : 364.0,
    "pct1ResTime" : 177.70000000000002,
    "pct2ResTime" : 181.0,
    "pct3ResTime" : 362.8999999999994,
    "throughput" : 0.674217907227616,
    "receivedKBytesPerSec" : 0.26270795408576053,
    "sentKBytesPerSec" : 0.10007922060409925
  },
  "Services-1" : {
    "transaction" : "Services-1",
    "sampleCount" : 100,
    "errorCount" : 0,
    "errorPct" : 0.0,
    "meanResTime" : 1114.3000000000004,
    "medianResTime" : 1021.5,
    "minResTime" : 479.0,
    "maxResTime" : 3317.0,
    "pct1ResTime" : 1650.6,