{
  "About Us" : {
    "transaction" : "About Us",
    "sampleCount" : 100,
    "errorCount" : 0,
    "errorPct" : 0.0,
    "meanResTime" : 1284.5700000000002,
    "medianResTime" : 1216.5,
    "minResTime" : 408.0,
    "maxResTime" : 2478.0,
    "pct1ResTime" : 1892.0,
    "pct2ResTime" : 2033.0999999999995,
    "pct3ResTime" : 2476.5899999999992,
    "throughput" : 0.6660450246436659,
    "receivedKBytesPerSec" : 60.34992340482217,
    "sentKBytesPerSec" : 0.15740517183961636
  },
  "Contact-0" : {
    "transaction" : "Contact-0",
    "sampleCount" : 100,
    "errorCount" : 0,
    "errorPct" : 0.0,
    "meanResTime" : 136.76999999999995,
    "medianResTime" : 131.0,
    "minResTime" : 112.0,
    "maxResTime" : 248.0,
    "pct1ResTime" : 162.0,
    "pct2ResTime" : 174.79999999999995,
    "pct3ResTime" : 247.89999999999995,
    "throughput" : 0.6883496816382723,
    "receivedKBytesPerSec" : 0.26821437790397523,
    "sentKBytesPerSec" : 0.10284912235415591
  },
  "Contact-1" : {
    "transaction" : "Contact-1",
    "sampleCount" : 100,
    "errorCount" : 0,
    "errorPct" : 0.0,
    "meanResTime" : 1054.46,
    "medianResTime" : 1028.5,
    "minResTime" : 347.0,
    "maxResTime" : 1867.0,
    "pct1ResTime" : 1499.3000000000002,
    "pct2ResTime" : 1738.1999999999994,
    "pct3ResTime" : 1866.61,
    "throughput" : 0.687341911360387,
    "receivedKBytesPerSec" : 62.01179929788024,
    "sentKBytesPerSec" : 0.07719171856098098
  },
  "Technology" : {
    "transaction" : "Technology",
    "sampleCount" : 100,
    "errorCount" : 0,
    "errorPct" : 0.0,
    "meanResTime" : 1285.81,
    "medianResTime" : 1251.5,
    "minResTime" : 575.0,
    "maxResTime" : 2460.0,
    "pct1ResTime" : 1820.0000000000002,
    "pct2ResTime" : 1991.6999999999998,
    "pct3ResTime" : 2456.5699999999983,
    "throughput" : 0.6676057654433903,
    "receivedKBytesPerSec" : 60.4913411532222,
    "sentKBytesPerSec" : 0.1649455650949002
  },
  "All pages" : {
    "transaction" : "All pages",
    "sampleCount" : 100,
    "errorCount" : 0,
    "errorPct" : 0.0,
    "meanResTime" : 1324.6600000000005,
    "medianResTime" : 1255.0,
    "minResTime" : 686.0,
    "maxResTime" : 3487.0,
    "pct1ResTime" : 1832.1000000000001,
    "pct2ResTime" : 2289.5999999999967,
    "pct3ResTime" : 3477.249999999995,
    "throughput" : 0.6633103164653519,
    "receivedKBytesPerSec" : 60.10213320597776,
    "sentKBytesPerSec" : 0.15157677153602772
  },
  "News" : {
    "transaction" : "News",
    "sampleCount" : 100,
    "errorCount" : 0,
    "errorPct" : 0.0,
    "meanResTime" : 1245.5700000000002,
    "medianResTime" : 1208.5,
    "minResTime" : 401.0,
    "maxResTime" : 2570.0,
    "pct1ResTime" : 1690.7,
    "pct2ResTime" : 2036.3999999999978,
    "pct3ResTime" : 2568.2599999999993,
    "throughput" : 0.6791909477430486,
    "receivedKBytesPerSec" : 61.54106728065528,
    "sentKBytesPerSec" : 0.15785883355746633
  },
  "Works" : {
    "transaction" : "Works",
    "sampleCount" : 100,
    "errorCount" : 0,
    "errorPct" : 0.0,
    "meanResTime" : 1213.0799999999997,
    "medianResTime" : 1151.0,
    "minResTime" : 456.0,
    "maxResTime" : 2193.0,
    "pct1ResTime" : 1718.0000000000002,
    "pct2ResTime" : 1826.8499999999992,
    "pct3ResTime" : 2192.91,
    "throughput" : 0.6702951980052015,
    "receivedKBytesPerSec" : 60.73502895675256,
    "sentKBytesPerSec" : 0.1747742361986219
  },
  "Blog" : {
    "transaction" : "Blog",
    "sampleCount" : 100,
    "errorCount" : 0,
    "errorPct" : 0.0,
    "meanResTime" : 1244.9299999999998,
    "medianResTime" : 1174.5,
    "minResTime" : 453.0,
    "maxResTime" : 2285.0,
    "pct1ResTime" : 1811.8000000000004,
    "pct2ResTime" : 2097.8499999999985,
    "pct3ResTime" : 2284.2299999999996,
    "throughput" : 0.6775297266167554,
    "receivedKBytesPerSec" : 61.39054507266506,
    "sentKBytesPerSec" : 0.16607418103594296
  },
  "Blog-0" : {
    "transaction" : "Blog-0",
    "sampleCount" : 100,
    "errorCount" : 0,
    "errorPct" : 0.0,
    "meanResTime" : 141.68999999999994,
    "medianResTime" : 136.0,
    "minResTime" : 112.0,
    "maxResTime" : 269.0,
    "pct1ResTime" : 170.9,
    "pct2ResTime" : 186.64999999999992,
    "pct3ResTime" : 268.71999999999986,
    "throughput" : 0.6791217597403039,
    "receivedKBytesPerSec" : 0.2646187325550598,
    "sentKBytesPerSec" : 0.0901958587155091
  },
  "Blog-1" : {
    "transaction" : "Blog-1",
    "sampleCount" : 100,
    "errorCount" : 0,
    "errorPct" : 0.0,
    "meanResTime" : 1103.2300000000005,
    "medianResTime" : 1041.5,
    "minResTime" : 341.0,
    "maxResTime" : 2128.0,
    "pct1ResTime" : 1655.6000000000004,
    "pct2ResTime" : 1939.2999999999988,
    "pct3ResTime" : 2127.0699999999997,
    "throughput" : 0.6780718349301925,
    "receivedKBytesPerSec" : 61.1754555371346,
    "sentKBytesPerSec" : 0.07615064552438686
  },
  "All pages-0" : {
    "transaction" : "All pages-0",
    "sampleCount" : 100,
    "errorCount" : 0,
    "errorPct" : 0.0,
    "meanResTime" : 155.10000000000008,
    "medianResTime" : 138.5,
    "minResTime" : 112.0,
    "maxResTime" : 563.0,
    "pct1ResTime" : 240.9,
    "pct2ResTime" : 261.5999999999999,
    "pct3ResTime" : 560.1799999999986,
    "throughput" : 0.6658454572693677,
    "receivedKBytesPerSec" : 0.2594456420414822,
    "sentKBytesPerSec" : 0.07737852481938942
  },
  "About Us-1" : {
    "transaction" : "About Us-1",
    "sampleCount" : 100,
    "errorCount" : 0,
    "errorPct" : 0.0,
    "meanResTime" : 1141.4499999999998,
    "medianResTime" : 1058.0,
    "minResTime" : 285.0,
    "maxResTime" : 2351.0,
    "pct1ResTime" : 1766.0,
    "pct2ResTime" : 1872.7499999999998,
    "pct3ResTime" : 2349.099999999999,
    "throughput" : 0.6666000066660001,
    "receivedKBytesPerSec" : 60.14047032796721,
    "sentKBytesPerSec" : 0.07486230543612306
  },
  "All pages-1" : {
    "transaction" : "All pages-1",
    "sampleCount" : 100,
    "errorCount" : 0,
    "errorPct" : 0.0,
    "meanResTime" : 1169.5100000000002,
    "medianResTime" : 1112.5,
    "minResTime" : 574.0,
    "maxResTime" : 3243.0,
    "pct1ResTime" : 1704.7,
    "pct2ResTime" : 2032.649999999998,
    "pct3ResTime" : 3234.3599999999956,
    "throughput" : 0.6644959797993222,
    "receivedKBytesPerSec" : 59.95064559937537,
    "sentKBytesPerSec" : 0.07462601335636919
  },
  "About Us-0" : {
    "transaction" : "About Us-0",
    "sampleCount" : 100,
    "errorCount" : 0,
    "errorPct" : 0.0,
    "meanResTime" : 143.09,
    "medianResTime" : 140.0,
    "minResTime" : 112.0,
    "maxResTime" : 302.0,
    "pct1ResTime" : 172.8,
    "pct2ResTime" : 183.74999999999994,
    "pct3ResTime" : 301.3499999999997,
    "throughput" : 0.6684626028596831,
    "receivedKBytesPerSec" : 0.2604654087314585,
    "sentKBytesPerSec" : 0.08290502984685522
  },
  "Services-0" : {
    "transaction" : "Services-0",
    "sampleCount" : 100,
    "errorCount" : 0,
    "errorPct" : 0.0,
    "meanResTime" : 140.16000000000005,
    "medianResTime" : 134.5,
    "minResTime" : 112.0,
    "maxResTime" : 226.0,
    "pct1ResTime" : 168.9,
    "pct2ResTime" : 176.89999999999998,
    "pct3ResTime" : 225.5999999999998,
    "throughput" : 0.6692634086923931,
    "receivedKBytesPerSec" : 0.2607774414729149,
    "sentKBytesPerSec" : 0.09084727910961196
  },
  "Works-0" : {
    "transaction" : "Works-0",
    "sampleCount" : 100,
    "errorCount" : 0,
    "errorPct" : 0.0,
    "meanResTime" : 147.17,
    "medianResTime" : 138.0,
    "minResTime" : 112.0,
    "maxResTime" : 575.0,
    "pct1ResTime" : 174.9,
    "pct2ResTime" : 181.95,
    "pct3ResTime" : 572.5699999999988,
    "throughput" : 0.6718443471016635,
    "receivedKBytesPerSec" : 0.26178310009137085,
    "sentKBytesPerSec" : 0.09972689527290318
  },
  "Services-1" : {
    "transaction" : "Services-1",
    "sampleCount" : 100,
    "errorCount" : 0,
    "errorPct" : 0.0,
    "meanResTime" : 1129.5499999999997,
    "medianResTime" : 1034.0,
    "minResTime" : 458.0,
    "maxResTime" : 2564.0,